userSet	dbSet	collection	pValueLog	oddsRatio	support	rnkPV	rnkOR	rnkSup	maxRnk	meanRnk	b	c	d	description	cellType	tissue	antibody	treatment	dataSource	filename	size
1	3011	ucsc_features	85.3716765538429	6.2613342993847	215	2	164	11	164	59	942	3261	89463	UCSC Vista enhancers	NA	NA	NA	NA	NA	vistaEnhancers.bed	1339
1	717	encode_tfbs	66.8004201178368	3.58445065381434	300	3	286	7	286	98.7	2321	3176	88084	ChIP SK-N-SH_RA p300	SK-N-SH_RA	NA	p300	None	NA	wgEncodeAwgTfbsHaibSknshraP300V0416102UniPk.narrowPeak	46484
1	1040	encode_tfbs	30.8844303450695	3.48121413138415	138	6	290	17	290	104	1061	3338	89344	ChIP SH-SY5Y GATA3_(SC-269)	SH-SY5Y	NA	GATA3_(SC-269)	None	NA	wgEncodeAwgTfbsSydhShsy5yGata3sc269sc269UcdUniPk.narrowPeak	15879
1	2371	sheffield_dnase	29.5377900460837	3.5350919779604	129	7	287	20	287	105	975	3347	89430	Ewing sarcoma	NA	NA	NA	NA	NA	2474.bed	42606
1	821	encode_tfbs	25.3840036888699	3.50866885671821	111	8	289	32	289	110	842	3365	89563	ChIP HEK293 TCF7L2	HEK293	NA	TCF7L2	None	NA	wgEncodeAwgTfbsSydhHek293Tcf7l2UcdUniPk.narrowPeak	8960
1	3004	ucsc_features	216.6288622507	3.03111862285568	1824	1	330	2	330	111	24138	1652	66267	UCSC LaminB1 Lads	NA	NA	NA	NA	NA	laminB1Lads.bed	1296
1	1148	sheffield_dnase	24.8389089607848	3.29826305824194	118	9	300	24	300	111	953	3358	89452	Brain	NA	NA	NA	NA	NA	1003.bed	33659
1	1876	sheffield_dnase	18.0018279171988	4.087126955706	64	10	243	90	243	114	413	3412	89992	sheffield_dnase	NA	NA	NA	NA	NA	1820.bed	23327
1	1039	encode_tfbs	36.6690103120499	2.99559477971469	206	5	333	12	333	117	1862	3270	88543	ChIP SH-SY5Y GATA-2	SH-SY5Y	NA	GATA-2	None	NA	wgEncodeAwgTfbsSydhShsy5yGata2UcdUniPk.narrowPeak	35617
1	2367	sheffield_dnase	13.5503547566099	4.03032170333566	48	14	247	139	247	133	313	3428	90092	Melanocyte,Colo829,and Ewing sarcoma	NA	NA	NA	NA	NA	2468.bed	9461
1	710	encode_tfbs	17.6982618903345	2.87596909903902	101	11	356	41	356	136	931	3375	89474	ChIP SK-N-MC Pol2-4H8	SK-N-MC	NA	Pol2-4H8	None	NA	wgEncodeAwgTfbsHaibSknmcPol24h8V0416101UniPk.narrowPeak	24118
1	709	encode_tfbs	14.0193872444618	2.93630773756159	76	13	337	66	337	139	683	3400	89722	ChIP SK-N-MC FOXP2	SK-N-MC	NA	FOXP2	None	NA	wgEncodeAwgTfbsHaibSknmcFoxp2Pcr2xUniPk.narrowPeak	14694
1	1277	sheffield_dnase	12.2169753317564	4.51024797602964	38	17	210	198	210	142	221	3438	90184	Brain	NA	NA	NA	NA	NA	1153.bed	3997
1	264	codex	12.2137832613202	2.74501951484175	73	18	368	75	368	154	701	3403	89704	codex Embryonic Stem Cell NANOG	Embryonic Stem Cell	NA	NANOG	NA	GSE46130	GSM1124070_NANOG.bed	13460
1	2877	sheffield_dnase	11.7490252605886	3.1670033789376	56	21	326	117	326	155	465	3420	89940	Liver;Epithelial	NA	NA	NA	NA	NA	862.bed	31684
1	265	codex	13.0702905585919	2.5584343815283	89	15	405	49	405	156	919	3387	89486	codex Embryonic Stem Cell NANOG	Embryonic Stem Cell	NA	NANOG	NA	GSE46130	GSM1124071_NANOG.bed	18532
1	209	cistrome_epigenome	10.7279734410941	2.75352616947011	63	25	367	95	367	162	602	3413	89803	cistrome_epigenome VCaP H3K27me3	VCaP	prostate	H3K27me3	regular medium	NA	Human_VCaP_H3K27me3_regular-medium_Chinnaiyan.bed	14481
1	1818	sheffield_dnase	10.5338805917919	4.08514227569421	36	26	245	214	245	162	231	3440	90174	sheffield_dnase	NA	NA	NA	NA	NA	1750.bed	14608
1	36	cistrome_cistrome	12.1700965715464	2.17513843505086	115	19	461	27	461	169	1400	3361	89005	cistrome_cistrome LnCaP FoxA1	LnCaP	prostate	FoxA1	regular medium	NA	Human_LnCaP_FoxA1_regular-medium_Chinnaiyan.bed	51482
1	259	codex	11.8996832564449	2.30177843438741	99	20	445	44	445	170	1137	3377	89268	Day 5 of in vitro differentiation with FGF2; BMP4 and B27	Endoderm	NA	FOXA2	NA	GSE46130	GSM1124063_FOXA2.bed	34443
1	725	encode_tfbs	10.9604882646104	2.31866349802923	89	23	443	49	443	172	1013	3387	89392	ChIP T-47D FOXA1_(SC-6553)	T-47D	NA	FOXA1_(SC-6553)	DMSO_0.02pct	NA	wgEncodeAwgTfbsHaibT47dFoxa1sc6553V0416102Dm002p1hUniPk.narrowPeak	41552
1	1041	encode_tfbs	9.88687914051059	2.48775158720495	69	28	410	82	410	173	730	3407	89675	ChIP U2OS KAP1	U2OS	NA	KAP1	None	NA	wgEncodeAwgTfbsSydhU2osKap1UcdUniPk.narrowPeak	14644
1	194	cistrome_epigenome	12.5880704083837	2.04899213128264	138	16	490	17	490	174	1788	3338	88617	cistrome_epigenome NB4 cells H3K27me3	NB4 cells	hematopoietic stem cell	H3K27me3	ATRA(24hr)	NA	Human_NB4-cells_H3K27me3_ATRA-24hr_Stunnenberg.bed	43145
1	819	encode_tfbs	10.8643820896763	2.346322686722	86	24	441	56	441	174	967	3390	89438	ChIP HEK293 KAP1	HEK293	NA	KAP1	None	NA	wgEncodeAwgTfbsSydhHek293Kap1UcdUniPk.narrowPeak	19771
1	727	encode_tfbs	8.6299630316647	2.92177214345293	45	32	338	153	338	174	404	3431	90001	ChIP T-47D p300	T-47D	NA	p300	DMSO_0.02pct	NA	wgEncodeAwgTfbsHaibT47dP300V0416102Dm002p1hUniPk.narrowPeak	13972
1	726	encode_tfbs	10.5100031308402	2.29292659039428	87	27	446	54	446	176	1001	3389	89404	ChIP T-47D GATA3_(SC-268)	T-47D	NA	GATA3_(SC-268)	DMSO_0.02pct	NA	wgEncodeAwgTfbsHaibT47dGata3sc268V0416102Dm002p1hUniPk.narrowPeak	37194
1	1303	sheffield_dnase	8.39584542987123	2.90659645449425	44	35	339	160	339	178	397	3432	90008	Brain	NA	NA	NA	NA	NA	1184.bed	16107
1	528	encode_tfbs	8.41216799293113	2.6613577852227	51	34	380	132	380	182	503	3425	89902	ChIP ECC-1 ERalpha_a	ECC-1	NA	ERalpha_a	Estradiol_10nM	NA	wgEncodeAwgTfbsHaibEcc1EralphaaV0416102Est10nm1hUniPk.narrowPeak	16087
1	263	codex	8.12926927973363	3.02125377223147	40	37	331	181	331	183	347	3436	90058	codex Embryonic Stem Cell SOX2	Embryonic Stem Cell	NA	SOX2	NA	GSE46130	GSM1124069_SOX2.bed	5204
1	281	codex	8.88053479655671	2.32529621582305	70	30	442	81	442	184	792	3406	89613	codex Endometrial Stromal Cell NR2F2	Endometrial Stromal Cell	NA	NR2F2	NA	GSE52008	GSM1257396_NR2F2.bed	19927
1	85	cistrome_cistrome	8.76865606426356	2.22299746439694	76	31	457	66	457	185	900	3400	89505	cistrome_cistrome MCF-7 SRC-3	MCF-7	breast	SRC-3	No treatment	NA	Human_MCF-7_SRC-3_No-treatment_OMalley.bed	30757
1	3008	ucsc_features	17.5306968153855	1.93700772945946	232	12	536	9	536	186	3219	3244	87186	UCSC Repeat Masker	NA	NA	NA	NA	NA	rmsk.bed	5291824
1	891	encode_tfbs	9.37336012154856	2.04301492611845	100	29	492	43	492	188	1292	3376	89113	ChIP HepG2 MafK_(ab50322)	HepG2	NA	MafK_(ab50322)	None	NA	wgEncodeAwgTfbsSydhHepg2Mafkab50322IggrabUniPk.narrowPeak	61936
1	865	encode_tfbs	7.6752809350308	2.94487038680631	39	41	336	188	336	188	347	3437	90058	ChIP HeLa-S3 STAT3	HeLa-S3	NA	STAT3	None	NA	wgEncodeAwgTfbsSydhHelas3Stat3IggrabUniPk.narrowPeak	13832
1	116	cistrome_cistrome	11.0249232930068	1.99250471650192	128	22	523	21	523	189	1702	3348	88703	cistrome_cistrome T47D FoxA1	T47D	breast	FoxA1	DMSO(45min-3hr)	NA	Human_T47D_FoxA1_DMSO-45min-3hr_Liu.bed	53583
1	1149	sheffield_dnase	8.54328537670048	4.03723883644159	29	33	246	293	293	191	188	3447	90217	Brain	NA	NA	NA	NA	NA	1004.bed	3658
1	529	encode_tfbs	7.63755035594183	2.84267715032481	41	42	357	173	357	191	378	3435	90027	ChIP ECC-1 ERalpha_a	ECC-1	NA	ERalpha_a	Genistein_100nM	NA	wgEncodeAwgTfbsHaibEcc1EralphaaV0416102Gen1hUniPk.narrowPeak	11447
1	911	encode_tfbs	8.0644161748202	2.19689360600064	71	38	459	79	459	192	850	3405	89555	ChIP HUVEC c-Jun	HUVEC	NA	c-Jun	None	NA	wgEncodeAwgTfbsSydhHuvecCjunUniPk.narrowPeak	29522
1	713	encode_tfbs	8.23204559397522	2.04638933827564	86	36	491	56	491	194	1107	3390	89298	ChIP SK-N-SH Pol2-4H8	SK-N-SH	NA	Pol2-4H8	None	NA	wgEncodeAwgTfbsHaibSknshPol24h8V0416101UniPk.narrowPeak	28163
1	912	encode_tfbs	8.04685826046347	2.14253897654719	75	39	473	69	473	194	921	3401	89484	ChIP HUVEC GATA-2	HUVEC	NA	GATA-2	None	NA	wgEncodeAwgTfbsSydhHuvecGata2UcdUniPk.narrowPeak	27452
1	2522	sheffield_dnase	7.49400745308028	2.80541348620389	41	45	363	173	363	194	383	3435	90022	sheffield_dnase	NA	NA	NA	NA	NA	409.bed	38590
1	191	cistrome_epigenome	7.15131742702685	2.75788913850189	40	48	366	181	366	198	380	3436	90025	cistrome_epigenome MCF-7 H3R17me2	MCF-7	breast	H3R17me2	No treatment	NA	Human_MCF-7_H3R17me2_No-treatment_Brown.bed	4241
1	84	cistrome_cistrome	7.38681494488348	2.10442116293702	71	46	478	79	478	201	887	3405	89518	cistrome_cistrome MCF-7 SRC-3	MCF-7	breast	SRC-3	E2(1hr)	NA	Human_MCF-7_SRC-3_E2-1hr_OMalley.bed	33773
1	1034	encode_tfbs	7.31515589717639	2.35107925178683	55	47	440	123	440	203	614	3421	89791	ChIP PANC-1 TCF7L2	PANC-1	NA	TCF7L2	None	NA	wgEncodeAwgTfbsSydhPanc1Tcf7l2UcdUniPk.narrowPeak	13362
1	261	codex	6.55049217395913	2.44173570411318	45	53	414	153	414	207	483	3431	89922	codex Embryonic Stem Cell POU5F1	Embryonic Stem Cell	NA	POU5F1	NA	GSE46130	GSM1124067_POU5F1.bed	10374
1	633	encode_tfbs	6.96489493384524	2.0139231966269	74	49	500	74	500	208	966	3402	89439	ChIP HepG2 FOXA2_(SC-6554)	HepG2	NA	FOXA2_(SC-6554)	None	NA	wgEncodeAwgTfbsHaibHepg2Foxa2sc6554V0416101UniPk.narrowPeak	40987
1	64	cistrome_cistrome	6.51490282774498	2.06956352529966	64	55	485	90	485	210	812	3412	89593	cistrome_cistrome MCF-7 FoxA1	MCF-7	breast	FoxA1	No treatment	NA	Human_MCF-7_FoxA1_No-treatment_Brown.bed	9849
1	65	cistrome_cistrome	7.70988159515641	1.89526526742086	98	40	548	46	548	211	1363	3378	89042	cistrome_cistrome MCF-7 FoxA1	MCF-7	breast	FoxA1	No treatment	NA	Human_MCF-7_FoxA1_No-treatment_White.bed	14374
1	2252	sheffield_dnase	7.56312207977582	4.08594087545987	25	44	244	347	347	212	160	3451	90245	Brain;Muscle	NA	NA	NA	NA	NA	2322.bed	4313
1	855	encode_tfbs	6.53075186890023	2.24956428880982	53	54	453	130	453	212	618	3423	89787	ChIP HeLa-S3 p300_(SC-584)	HeLa-S3	NA	p300_(SC-584)	None	NA	wgEncodeAwgTfbsSydhHelas3P300sc584sc584IggrabUniPk.narrowPeak	25852
1	57	cistrome_cistrome	6.34661506264582	2.08476813829566	61	57	479	101	479	212	768	3415	89637	cistrome_cistrome MCF-7 ESR1	MCF-7	breast	ESR1	No treatment	NA	Human_MCF-7_ESR1_No-treatment_Odom.bed	29095
1	520	encode_tfbs	6.35628799876097	2.16366155103443	56	56	469	117	469	214	679	3420	89726	ChIP A549 TCF12	A549	NA	TCF12	EtOH_0.02pct	NA	wgEncodeAwgTfbsHaibA549Tcf12V0422111Etoh02UniPk.narrowPeak	20892
1	915	encode_tfbs	7.57179936326176	1.85008749192014	103	43	571	38	571	217	1468	3373	88937	ChIP IMR90 CEBPB	IMR90	NA	CEBPB	None	NA	wgEncodeAwgTfbsSydhImr90CebpbIggrabUniPk.narrowPeak	70441
1	3003	ucsc_features	42.1289684748517	1.6090840065094	1736	4	649	3	649	219	34600	1740	55805	UCSC LaminBq	NA	NA	NA	NA	NA	laminB1.bed	2859551
1	1020	encode_tfbs	5.86836224558595	2.06499943435578	57	60	486	114	486	220	724	3419	89681	ChIP MCF10A-Er-Src STAT3	MCF10A-Er-Src	NA	STAT3	EtOH_0.01pct_12hr	NA	wgEncodeAwgTfbsSydhMcf10aesStat3Etoh01cUniPk.narrowPeak	41350
1	632	encode_tfbs	6.68574731998662	1.86582918341634	87	52	559	54	559	222	1227	3389	89178	ChIP HepG2 FOXA1_(SC-6553)	HepG2	NA	FOXA1_(SC-6553)	None	NA	wgEncodeAwgTfbsHaibHepg2Foxa1sc6553V0416101UniPk.narrowPeak	51262
1	1021	encode_tfbs	5.69966833636225	2.08215328219386	54	63	480	124	480	222	680	3422	89725	ChIP MCF10A-Er-Src STAT3	MCF10A-Er-Src	NA	STAT3	4OHTAM_1uM_12hr	NA	wgEncodeAwgTfbsSydhMcf10aesStat3Tam112hHvdUniPk.narrowPeak	39903
1	1011	encode_tfbs	6.83410245521868	1.83337297251792	94	50	573	47	573	223	1350	3382	89055	ChIP MCF10A-Er-Src c-Fos	MCF10A-Er-Src	NA	c-Fos	4OHTAM_1uM_4hr	NA	wgEncodeAwgTfbsSydhMcf10aesCfosTam14hHvdUniPk.narrowPeak	86317
1	910	encode_tfbs	6.68758774936967	1.85170503514349	89	51	570	49	570	223	1265	3387	89140	ChIP HUVEC c-Fos	HUVEC	NA	c-Fos	None	NA	wgEncodeAwgTfbsSydhHuvecCfosUcdUniPk.narrowPeak	46722
1	631	encode_tfbs	6.11521442550582	1.89493213411164	75	58	549	69	549	225	1040	3401	89365	ChIP HepG2 FOXA1_(SC-101058)	HepG2	NA	FOXA1_(SC-101058)	None	NA	wgEncodeAwgTfbsHaibHepg2Foxa1sc101058V0416101UniPk.narrowPeak	43111
1	917	encode_tfbs	6.02141180077167	1.94004295860669	69	59	534	82	534	225	934	3407	89471	ChIP IMR90 MafK_(ab50322)	IMR90	NA	MafK_(ab50322)	None	NA	wgEncodeAwgTfbsSydhImr90MafkIggrabUniPk.narrowPeak	40785
1	1022	encode_tfbs	5.80979142281814	2.00067850358862	61	61	520	101	520	227	800	3415	89605	ChIP MCF10A-Er-Src STAT3	MCF10A-Er-Src	NA	STAT3	4OHTAM_1uM_36hr	NA	wgEncodeAwgTfbsSydhMcf10aesStat3TamUniPk.narrowPeak	44488
1	190	cistrome_epigenome	5.29851058093375	2.26462811542983	41	70	448	173	448	230	474	3435	89931	cistrome_epigenome MCF-7 H3R17me2	MCF-7	breast	H3R17me2	E2(45min)	NA	Human_MCF-7_H3R17me2_E2-45min_Brown.bed	4840
1	835	encode_tfbs	5.11183956964085	2.1733724369584	43	74	462	165	462	234	518	3433	89887	ChIP HeLa-S3 c-Jun	HeLa-S3	NA	c-Jun	None	NA	wgEncodeAwgTfbsSydhHelas3CjunIggrabUniPk.narrowPeak	21902
1	1009	encode_tfbs	5.48369461354394	1.80637700186286	76	66	576	66	576	236	1105	3400	89300	ChIP MCF10A-Er-Src c-Fos	MCF10A-Er-Src	NA	c-Fos	EtOH_0.01pct	NA	wgEncodeAwgTfbsSydhMcf10aesCfosEtoh01HvdUniPk.narrowPeak	67914
1	66	cistrome_cistrome	5.32860772590389	1.88247482417503	65	69	555	87	555	237	906	3411	89499	cistrome_cistrome MCF-7 GATA3	MCF-7	breast	GATA3	No treatment	NA	Human_MCF-7_GATA3_No-treatment_White.bed	8885
1	797	encode_tfbs	5.24749409419289	2.43537899942354	35	71	418	226	418	238	376	3441	90029	ChIP H1-hESC CEBPB	H1-hESC	NA	CEBPB	None	NA	wgEncodeAwgTfbsSydhH1hescCebpbIggrabUniPk.narrowPeak	15554
1	1143	sheffield_dnase	5.35325821890737	1.77531127240866	78	67	586	63	586	239	1154	3398	89251	Stem cell specific (weak)	NA	NA	NA	NA	NA	10.bed	63191
1	514	encode_tfbs	4.84531682324908	2.07440007084363	45	79	484	153	484	239	568	3431	89837	ChIP A549 p300	A549	NA	p300	EtOH_0.02pct	NA	wgEncodeAwgTfbsHaibA549P300V0422111Etoh02UniPk.narrowPeak	18212
1	731	encode_tfbs	5.18230123940602	1.91420815784998	60	73	545	105	545	241	822	3416	89583	ChIP A549 CEBPB	A549	NA	CEBPB	None	NA	wgEncodeAwgTfbsSydhA549CebpbIggrabUniPk.narrowPeak	38836
1	1010	encode_tfbs	5.54802330685718	1.70559412871556	93	65	614	48	614	242	1434	3383	88971	ChIP MCF10A-Er-Src c-Fos	MCF10A-Er-Src	NA	c-Fos	4OHTAM_1uM_12hr	NA	wgEncodeAwgTfbsSydhMcf10aesCfosTam112hHvdUniPk.narrowPeak	92352
1	2798	sheffield_dnase	5.3337652510609	2.53875119279894	33	68	406	253	406	242	340	3443	90065	Brain	NA	NA	NA	NA	NA	756.bed	17284
1	220	cistrome_epigenome	4.7945043993952	2.02770075212504	47	81	497	147	497	242	607	3429	89798	cistrome_epigenome metastatic prostate cancer tissue H3K27me3	metastatic prostate cancer tissue	prostate	H3K27me3	No treatment	NA	Human_metastatic-prostate-cancer-tissue_H3K27me3_No-treatment_Chinnaiyan.bed	15458
1	644	encode_tfbs	4.97502149929173	1.95467029532147	54	76	529	124	529	243	724	3422	89681	ChIP HepG2 p300	HepG2	NA	p300	None	NA	wgEncodeAwgTfbsHaibHepg2P300V0416101UniPk.narrowPeak	27911
1	62	cistrome_cistrome	4.9030481387049	1.99973178335495	50	78	521	134	521	244	655	3426	89750	cistrome_cistrome MCF-7 FoxA1	MCF-7	breast	FoxA1	E2(45min-3hr)	NA	Human_MCF-7_FoxA1_E2-45min-3hr_Liu.bed	16888
1	718	encode_tfbs	5.63821524953512	1.64929496028577	107	64	637	36	637	246	1708	3369	88697	ChIP SK-N-SH_RA Rad21	SK-N-SH_RA	NA	Rad21	None	NA	wgEncodeAwgTfbsHaibSknshraRad21V0416102UniPk.narrowPeak	62260
1	1871	sheffield_dnase	5.78110668938617	3.81326419409647	20	62	258	425	425	248	137	3456	90268	Epithelial	NA	NA	NA	NA	NA	1816.bed	6150
1	1012	encode_tfbs	4.79597880553548	1.73996395855782	73	80	593	75	593	249	1101	3403	89304	ChIP MCF10A-Er-Src c-Fos	MCF10A-Er-Src	NA	c-Fos	4OHTAM_1uM_36hr	NA	wgEncodeAwgTfbsSydhMcf10aesCfosTamHvdUniPk.narrowPeak	70458
1	1023	encode_tfbs	5.22191299456848	2.95610821372524	25	72	335	347	347	251	221	3451	90184	ChIP MCF-7 GATA3_(SC-268)	MCF-7	NA	GATA3_(SC-268)	None	NA	wgEncodeAwgTfbsSydhMcf7Gata3UcdUniPk.narrowPeak	6081
1	880	encode_tfbs	4.7267528146479	1.73799338232965	72	83	594	78	594	252	1087	3404	89318	ChIP HepG2 CEBPB	HepG2	NA	CEBPB	None	NA	wgEncodeAwgTfbsSydhHepg2CebpbIggrabUniPk.narrowPeak	56620
1	847	encode_tfbs	4.54007284314487	1.96083970301073	48	89	527	139	527	252	641	3428	89764	ChIP HeLa-S3 JunD	HeLa-S3	NA	JunD	None	NA	wgEncodeAwgTfbsSydhHelas3JundIggrabUniPk.narrowPeak	31633
1	1019	encode_tfbs	4.73756030490287	1.85448507242589	59	82	568	108	568	253	834	3417	89571	ChIP MCF10A-Er-Src STAT3	MCF10A-Er-Src	NA	STAT3	EtOH_0.01pct_4hr	NA	wgEncodeAwgTfbsSydhMcf10aesStat3Etoh01bUniPk.narrowPeak	45105
1	597	encode_tfbs	4.99035402959579	2.72448079195354	27	75	372	316	372	254	259	3449	90146	ChIP H1-hESC NANOG_(SC-33759)	H1-hESC	NA	NANOG_(SC-33759)	None	NA	wgEncodeAwgTfbsHaibH1hescNanogsc33759V0416102UniPk.narrowPeak	5472
1	832	encode_tfbs	4.62627228753617	1.70402595199731	75	84	615	69	615	256	1155	3401	89250	ChIP HeLa-S3 CEBPB	HeLa-S3	NA	CEBPB	None	NA	wgEncodeAwgTfbsSydhHelas3CebpbIggrabUniPk.narrowPeak	60996
1	890	encode_tfbs	4.43479885282801	1.81578473688354	58	93	575	112	575	260	837	3418	89568	ChIP HepG2 MafF_(M8194)	HepG2	NA	MafF_(M8194)	None	NA	wgEncodeAwgTfbsSydhHepg2Maffm8194IggrabUniPk.narrowPeak	37635
1	530	encode_tfbs	4.95037693502983	2.84015956584854	25	77	359	347	359	261	230	3451	90175	ChIP ECC-1 FOXA1_(SC-6553)	ECC-1	NA	FOXA1_(SC-6553)	DMSO_0.02pct	NA	wgEncodeAwgTfbsHaibEcc1Foxa1sc6553V0416102Dm002p1hUniPk.narrowPeak	5891
1	720	encode_tfbs	4.33738603149621	1.95161872786931	46	99	531	152	531	261	617	3430	89788	ChIP SK-N-SH_RA YY1_(SC-281)	SK-N-SH_RA	NA	YY1_(SC-281)	None	NA	wgEncodeAwgTfbsHaibSknshraYy1sc281V0416102UniPk.narrowPeak	15678
1	82	cistrome_cistrome	4.55621489764767	1.63751115824934	85	88	638	59	638	262	1363	3391	89042	cistrome_cistrome MCF-7 RARA	MCF-7	breast	RARA	AM580(1hr)	NA	Human_MCF-7_RARA_AM580-1hr_White.bed	14326
1	892	encode_tfbs	4.34188970611304	1.80061509906577	58	95	578	112	578	262	844	3418	89561	ChIP HepG2 MafK_(SC-477)	HepG2	NA	MafK_(SC-477)	None	NA	wgEncodeAwgTfbsSydhHepg2Mafksc477IggrabUniPk.narrowPeak	37623
1	134	cistrome_cistrome	4.4334465420284	2.23955111698703	34	94	454	241	454	263	397	3442	90008	cistrome_cistrome VCaP FoxA1	VCaP	prostate	FoxA1	regular medium	NA	Human_VCaP_FoxA1_regular-medium_Chinnaiyan.bed	17098
1	876	encode_tfbs	4.12673199667725	1.95679794136561	43	103	528	165	528	265	575	3433	89830	ChIP HepG2 ARID3A_(NB100-279)	HepG2	NA	ARID3A_(NB100-279)	None	NA	wgEncodeAwgTfbsSydhHepg2Arid3anb100279IggrabUniPk.narrowPeak	17622
1	202	cistrome_epigenome	4.26385678632719	2.16360290737295	35	102	470	226	470	266	423	3441	89982	cistrome_epigenome UPR9 cells H3K27me3	UPR9 cells	hematopoietic stem cell	H3K27me3	No treatment	NA	Human_UPR9-cells_H3K27me3_No-treatment_Stunnenberg.bed	15095
1	63	cistrome_cistrome	4.33990774503074	1.62219975434504	83	97	644	61	644	267	1343	3393	89062	cistrome_cistrome MCF-7 FoxA1	MCF-7	breast	FoxA1	E2(45min)	NA	Human_MCF-7_FoxA1_E2-45min_Brown.bed	16082
1	531	encode_tfbs	4.34180016427508	2.39087092543245	29	96	422	293	422	270	317	3447	90088	ChIP ECC-1 GR	ECC-1	NA	GR	DEX_100nM	NA	wgEncodeAwgTfbsHaibEcc1GrV0416102Dex100nmUniPk.narrowPeak	9254
1	51	cistrome_cistrome	3.90828701836064	1.89351733512335	44	107	551	160	551	273	608	3432	89797	cistrome_cistrome MCF-7 ESR1	MCF-7	breast	ESR1	E2(45min)	NA	Human_MCF-7_ESR1_E2-45min_White.bed	6508
1	723	encode_tfbs	4.45071505673679	2.63351259878227	25	91	384	347	384	274	248	3451	90157	ChIP T-47D ERalpha_a	T-47D	NA	ERalpha_a	Genistein_100nM	NA	wgEncodeAwgTfbsHaibT47dEralphaaPcr2xGen1hUniPk.narrowPeak	10547
1	724	encode_tfbs	4.45071505673679	2.63351259878227	25	91	384	347	384	274	248	3451	90157	ChIP T-47D ERalpha_a	T-47D	NA	ERalpha_a	Estradiol_10nM	NA	wgEncodeAwgTfbsHaibT47dEralphaaV0416102Est10nm1hUniPk.narrowPeak	10505
1	860	encode_tfbs	3.88198441152188	2.06075387121623	35	109	487	226	487	274	444	3441	89961	ChIP HeLa-S3 RFX5_(200-401-194)	HeLa-S3	NA	RFX5_(200-401-194)	None	NA	wgEncodeAwgTfbsSydhHelas3Rfx5200401194IggrabUniPk.narrowPeak	19281
1	868	encode_tfbs	3.73542716236236	1.93890623937643	39	112	535	188	535	278	526	3437	89879	ChIP HeLa-S3 TCF7L2_C9B9_(2565)	HeLa-S3	NA	TCF7L2_C9B9_(2565)	None	NA	wgEncodeAwgTfbsSydhHelas3Tcf7l2c9b92565UcdUniPk.narrowPeak	19240
1	1689	sheffield_dnase	3.95881713770669	1.48569225133335	108	105	699	34	699	279	1910	3368	88495	MCF-7 and Epithelial	NA	NA	NA	NA	NA	1605.bed	189668
1	262	codex	4.56216488343043	3.08984143792018	20	87	327	425	425	280	169	3456	90236	codex Embryonic Stem Cell SOX2	Embryonic Stem Cell	NA	SOX2	NA	GSE46130	GSM1124068_SOX2.bed	2308
1	1943	sheffield_dnase	4.59059059902768	3.22085128956961	19	85	324	447	447	285	154	3457	90251	Colo829	NA	NA	NA	NA	NA	1911.bed	8299
1	44	cistrome_cistrome	3.5090150876877	1.88486853927695	39	116	554	188	554	286	541	3437	89864	cistrome_cistrome MCF-7 ESR1	MCF-7	breast	ESR1	E2(45min)	NA	Human_MCF-7_ESR1_E2-45min_Brown.bed	7217
1	527	encode_tfbs	4.48636693541967	3.28550549626562	18	90	301	470	470	287	143	3458	90262	ChIP ECC-1 ERalpha_a	ECC-1	NA	ERalpha_a	BPA_100nM	NA	wgEncodeAwgTfbsHaibEcc1EraaV0416102Bpa1hUniPk.narrowPeak	4257
1	2007	sheffield_dnase	3.47913309950444	1.84540545684479	41	118	572	173	572	288	581	3435	89824	sheffield_dnase	NA	NA	NA	NA	NA	2006.bed	44081
1	1026	encode_tfbs	3.61097494516323	2.11840591420635	30	114	476	277	476	289	370	3446	90035	ChIP MCF-7 TCF7L2	MCF-7	NA	TCF7L2	None	NA	wgEncodeAwgTfbsSydhMcf7Tcf7l2UcdUniPk.narrowPeak	10292
1	613	encode_tfbs	3.95548251792506	2.43641791709274	25	106	417	347	417	290	268	3451	90137	ChIP H1-hESC TCF12	H1-hESC	NA	TCF12	None	NA	wgEncodeAwgTfbsHaibH1hescTcf12Pcr1xUniPk.narrowPeak	7830
1	635	encode_tfbs	3.43003649544901	1.92035493246494	36	122	543	214	543	293	490	3440	89915	ChIP HepG2 HDAC2_(SC-6296)	HepG2	NA	HDAC2_(SC-6296)	None	NA	wgEncodeAwgTfbsHaibHepg2Hdac2sc6296V0416101UniPk.narrowPeak	18835
1	1027	encode_tfbs	3.64283542489203	2.23180459752104	27	113	455	316	455	295	316	3449	90089	ChIP MCF-7 ZNF217	MCF-7	NA	ZNF217	None	NA	wgEncodeAwgTfbsSydhMcf7Znf217UcdUniPk.narrowPeak	9927
1	61	cistrome_cistrome	3.43142716617843	2.03498460874726	31	121	495	269	495	295	398	3445	90007	cistrome_cistrome MCF-7 FoxA1	MCF-7	breast	FoxA1	DMSO(45min-3hr)	NA	Human_MCF-7_FoxA1_DMSO-45min-3hr_Liu.bed	8709
1	694	encode_tfbs	3.15822432691075	1.6897210733755	48	131	618	139	618	296	743	3428	89662	ChIP K562 TEAD4_(SC-101184)	K562	NA	TEAD4_(SC-101184)	None	NA	wgEncodeAwgTfbsHaibK562Tead4sc101184V0422111UniPk.narrowPeak	31023
1	2036	sheffield_dnase	4.31113110450381	3.31076080820815	17	100	299	498	498	299	134	3459	90271	Stem	NA	NA	NA	NA	NA	205.bed	5301
1	20	cistrome_cistrome	3.00025146420603	1.39756496923671	104	134	730	37	730	300	1952	3372	88453	cistrome_cistrome HepG2 liver cells CEBPa	HepG2 liver cells	liver	CEBPa	No treatment	NA	Human_HepG2-liver-cells_CEBPa_No-treatment_Odom.bed	119017
1	83	cistrome_cistrome	3.04253638204196	1.6146094257278	54	133	648	124	648	302	875	3422	89530	cistrome_cistrome MCF-7 RARG	MCF-7	breast	RARG	CD437(1hr)	NA	Human_MCF-7_RARG_CD437-1hr_White.bed	8859
1	289	codex	2.98215319214918	1.74534417970966	40	136	591	181	591	303	599	3436	89806	codex T-Cell MYB	T-Cell	NA	MYB	NA	GSE59657	GSM1442005_MYB.bed	17968
1	714	encode_tfbs	2.91985375445959	1.73079899117563	40	138	604	181	604	308	604	3436	89801	ChIP SK-N-SH Sin3Ak-20	SK-N-SH	NA	Sin3Ak-20	None	NA	wgEncodeAwgTfbsHaibSknshSin3ak20V0416101UniPk.narrowPeak	15558
1	719	encode_tfbs	3.22603588273238	1.9990383280555	30	127	522	277	522	309	392	3446	90013	ChIP SK-N-SH_RA USF1_(SC-8983)	SK-N-SH_RA	NA	USF1_(SC-8983)	None	NA	wgEncodeAwgTfbsHaibSknshraUsf1sc8983V0416102UniPk.narrowPeak	19620
1	176	cistrome_epigenome	2.74841830673237	1.37222063532878	103	151	741	38	741	310	1968	3373	88437	cistrome_epigenome MCF-7 H3K27me3	MCF-7	breast	H3K27me3	E2(3hr)	NA	Human_MCF-7_H3K27me3_E2-3hr_Liu.bed	48959
1	2873	sheffield_dnase	2.8448636542918	1.67755375884153	43	144	626	165	626	312	670	3433	89735	Medullo specific	NA	NA	NA	NA	NA	856.bed	43583
1	889	encode_tfbs	2.81453854796964	1.64987136433974	45	147	636	153	636	312	713	3431	89692	ChIP HepG2 JunD	HepG2	NA	JunD	None	NA	wgEncodeAwgTfbsSydhHepg2JundIggrabUniPk.narrowPeak	32274
1	162	cistrome_epigenome	4.02647670048857	1.22053420963952	445	104	830	4	830	313	9707	3031	80698	cistrome_epigenome LnCaP H3K4me2	LnCaP	prostate	H3K4me2	DHT(4hr)	NA	Human_LnCaP_H3K4me2_DHT-4hr_Brown.bed	113987
1	962	encode_tfbs	2.85746431118269	1.75770068176208	37	143	589	208	589	313	550	3439	89855	ChIP K562 MafF_(M8194)	K562	NA	MafF_(M8194)	None	NA	wgEncodeAwgTfbsSydhK562MaffIggrabUniPk.narrowPeak	25072
1	154	cistrome_epigenome	3.17493417541571	1.24833188887745	254	129	805	8	805	314	5370	3222	85035	cistrome_epigenome Caco-2(differentiated) H3K4me2	Caco-2(differentiated)	intestine	H3K4me2	No treatment	NA	Human_Caco-2-differentiated_H3K4me2_No-treatment_Shivdasani.bed	125078
1	499	encode_tfbs	3.54554986580554	2.55895078700934	20	115	404	425	425	315	204	3456	90201	ChIP A549 ATF3	A549	NA	ATF3	EtOH_0.02pct	NA	wgEncodeAwgTfbsHaibA549Atf3V0422111Etoh02UniPk.narrowPeak	6574
1	59	cistrome_cistrome	2.80009733225979	1.71562958934023	39	149	607	188	607	315	594	3437	89811	cistrome_cistrome MCF-7 ESR1	MCF-7	breast	ESR1	Tam	NA	Human_MCF-7_ESR1_Tam_Stunnenberg.bed	24862
1	164	cistrome_epigenome	3.88590244967118	1.21726083693095	436	108	834	5	834	316	9529	3040	80876	cistrome_epigenome LnCaP H3K4me2	LnCaP	prostate	H3K4me2	vehicle	NA	Human_LnCaP_H3K4me2_vehicle_Brown.bed	109675
1	655	encode_tfbs	2.88477060272761	1.79637962245499	35	141	581	226	581	316	509	3441	89896	ChIP HepG2 TEAD4_(SC-101184)	HepG2	NA	TEAD4_(SC-101184)	None	NA	wgEncodeAwgTfbsHaibHepg2Tead4sc101184V0422111UniPk.narrowPeak	15157
1	1938	sheffield_dnase	3.4702908428564	2.52147514050511	20	119	407	425	425	317	207	3456	90198	sheffield_dnase	NA	NA	NA	NA	NA	1906.bed	14467
1	2872	sheffield_dnase	4.57127864743	8.0195109540735	8	86	119	754	754	320	26	3468	90379	Epithelial;Brain	NA	NA	NA	NA	NA	855.bed	623
1	833	encode_tfbs	3.47969350816596	2.68381305064298	18	117	377	470	470	321	175	3458	90230	ChIP HeLa-S3 c-Fos	HeLa-S3	NA	c-Fos	None	NA	wgEncodeAwgTfbsSydhHelas3CfosUniPk.narrowPeak	9325
1	535	encode_tfbs	2.69769109339125	1.73187232459703	36	152	603	214	603	323	543	3440	89862	ChIP GM12878 BATF	GM12878	NA	BATF	None	NA	wgEncodeAwgTfbsHaibGm12878BatfPcr1xUniPk.narrowPeak	32420
1	1978	sheffield_dnase	3.74730508988616	3.38093718394998	14	111	297	565	565	324	108	3462	90297	Epithelial	NA	NA	NA	NA	NA	1967.bed	3468
1	1969	sheffield_dnase	3.2541395384915	2.41627426847927	20	126	421	425	425	324	216	3456	90189	Fibroblast	NA	NA	NA	NA	NA	1953.bed	10695
1	1220	sheffield_dnase	3.42549196392974	2.6534316861442	18	123	381	470	470	325	177	3458	90228	HA-sp specific	NA	NA	NA	NA	NA	1086.bed	8216
1	963	encode_tfbs	2.91321951324191	1.92692664623121	29	139	542	293	542	325	393	3447	90012	ChIP K562 MafK_(ab50322)	K562	NA	MafK_(ab50322)	None	NA	wgEncodeAwgTfbsSydhK562Mafkab50322IggrabUniPk.narrowPeak	19314
1	1024	encode_tfbs	2.83370099318835	1.87872675045941	30	145	557	277	557	326	417	3446	89988	ChIP MCF-7 GATA3_(SC-269)	MCF-7	NA	GATA3_(SC-269)	None	NA	wgEncodeAwgTfbsSydhMcf7Gata3sc269UcdUniPk.narrowPeak	12075
1	16	cistrome_cistrome	2.61172616554566	1.70969596073926	36	154	611	214	611	326	550	3440	89855	cistrome_cistrome Caco-2(proliferating) GATA6	Caco-2(proliferating)	intestine	GATA6	No treatment	NA	Human_Caco-2-proliferating_GATA6_No-treatment_Shivdasani.bed	24876
1	396	codex	2.92396447389607	2.08119614003374	24	137	483	362	483	327	301	3452	90104	Adult acute B cell precursor lymphoblastic leukaemia cell line carrying t(4;11) 	Leukaemia cell	NA	AFF1	NA	GSE34941	GSM941544_AF4.bed	5218
1	864	encode_tfbs	2.89686897681511	1.97457320369562	27	140	525	316	525	327	357	3449	90048	ChIP HeLa-S3 STAT1	HeLa-S3	NA	STAT1	IFNg30	NA	wgEncodeAwgTfbsSydhHelas3Stat1Ifng30UniPk.narrowPeak	16156
1	12	cistrome_cistrome	2.3045409980583	1.39617055719795	73	175	732	75	732	327	1368	3403	89037	cistrome_cistrome Caco-2(differentiated) CDX2	Caco-2(differentiated)	intestine	CDX2	No treatment	NA	Human_Caco-2-differentiated_CDX2_No-treatment_Shivdasani.bed	39213
1	614	encode_tfbs	2.55275212744877	1.70859676296706	35	158	613	226	613	332	535	3441	89870	ChIP H1-hESC TEAD4_(SC-101184)	H1-hESC	NA	TEAD4_(SC-101184)	None	NA	wgEncodeAwgTfbsHaibH1hescTead4sc101184V0422111UniPk.narrowPeak	19847
1	14	cistrome_cistrome	2.2189865300634	1.3596630664373	81	185	752	62	752	333	1559	3395	88846	cistrome_cistrome Caco-2(differentiated) HNF4A	Caco-2(differentiated)	intestine	HNF4A	No treatment	NA	Human_Caco-2-differentiated_HNF4A_No-treatment_Shivdasani.bed	65517
1	639	encode_tfbs	2.82130459094371	2.11842581743408	22	146	475	390	475	337	271	3454	90134	ChIP HepG2 MBD4_(SC-271530)	HepG2	NA	MBD4_(SC-271530)	None	NA	wgEncodeAwgTfbsHaibHepg2Mbd4sc271530V0422111UniPk.narrowPeak	5912
1	303	codex	2.44559491270222	1.6801593000932	35	165	621	226	621	337	544	3441	89861	codex T-Cell TAL1	T-Cell	NA	TAL1	NA	GSE59657	GSM1519646_TAL1.bed	18224
1	1949	sheffield_dnase	4.33832378070259	12.021383197122	6	98	76	844	844	339	13	3470	90392	Epithelial;Muscle	NA	NA	NA	NA	NA	1920.bed	320
1	2139	sheffield_dnase	2.23835653832969	1.53459267964403	44	183	674	160	674	339	749	3432	89656	sheffield_dnase	NA	NA	NA	NA	NA	2186.bed	45783
1	290	codex	2.23788777303459	1.4787685241519	52	184	702	131	702	339	919	3424	89486	codex T-Cell MYB	T-Cell	NA	MYB	NA	GSE59657	GSM1442006_MYB.bed	30642
1	1925	sheffield_dnase	3.435434358306	3.51532486587502	12	120	288	613	613	340	89	3464	90316	sheffield_dnase	NA	NA	NA	NA	NA	1889.bed	4709
1	1895	sheffield_dnase	3.22419084395641	2.83484266454884	15	128	360	545	545	344	138	3461	90267	HPdLF	NA	NA	NA	NA	NA	1845.bed	7663
1	2211	sheffield_dnase	3.82306497852379	9.19317146055593	6	110	88	844	844	347	17	3470	90388	Fibroblast;Skin;Ewing sarcoma	NA	NA	NA	NA	NA	2271.bed	305
1	1013	encode_tfbs	2.1285424073125	1.51019325539157	44	194	687	160	687	347	761	3432	89644	ChIP MCF10A-Er-Src c-Myc	MCF10A-Er-Src	NA	c-Myc	EtOH_0.01pct	NA	wgEncodeAwgTfbsSydhMcf10aesCmycEtoh01HvdUniPk.narrowPeak	35151
1	1967	sheffield_dnase	3.40483495688624	4.51037364903562	9	124	209	722	722	352	52	3467	90353	Fibroblast	NA	NA	NA	NA	NA	1951.bed	1831
1	805	encode_tfbs	2.56862165617965	2.05193395055173	21	156	489	411	489	352	267	3455	90138	ChIP H1-hESC MafK_(ab50322)	H1-hESC	NA	MafK_(ab50322)	None	NA	wgEncodeAwgTfbsSydhH1hescMafkIggrabUniPk.narrowPeak	11421
1	161	cistrome_epigenome	2.26631094643036	1.16382827002368	345	181	870	6	870	352	7819	3131	82586	cistrome_epigenome LnCaP H3K4me2	LnCaP	prostate	H3K4me2	DHT(16hr)	NA	Human_LnCaP_H3K4me2_DHT-16hr_Brown.bed	101894
1	404	codex	1.85149328510538	1.35036804161587	65	223	755	87	755	355	1258	3411	89147	ChIP-seq_ICN1_HPB-ALL. ChIP assays were performed essentially as previously desc	T-cell acute lymphoblastic leukemia cells	NA	NOTCH1	NA	GSE39263	GSM959056_ZNF143.bed	43355
1	837	encode_tfbs	2.46954436552508	1.88016829117915	25	164	556	347	556	356	347	3451	90058	ChIP HeLa-S3 COREST_(sc-30189)	HeLa-S3	NA	COREST_(sc-30189)	None	NA	wgEncodeAwgTfbsSydhHelas3Corestsc30189IggrabUniPk.narrowPeak	16319
1	995	encode_tfbs	2.1218135711791	1.58226442212888	36	196	657	214	657	356	594	3440	89811	ChIP K562 TAL1_(SC-12984)	K562	NA	TAL1_(SC-12984)	None	NA	wgEncodeAwgTfbsSydhK562Tal1sc12984IggmusUniPk.narrowPeak	26258
1	2999	ucsc_features	2.38318906079204	1.11348167997031	2658	172	904	1	904	359	67332	818	23073	UCSC coriellDelDup table	NA	NA	NA	NA	NA	coriellDelDup.bed	864
1	828	encode_tfbs	2.86961939302687	2.70397087793154	14	142	374	565	565	360	135	3462	90270	ChIP HeLa-S3 BRCA1_(A300-000A)	HeLa-S3	NA	BRCA1_(A300-000A)	None	NA	wgEncodeAwgTfbsSydhHelas3Brca1a300IggrabUniPk.narrowPeak	8112
1	650	encode_tfbs	2.06130106755042	1.56633496662031	36	203	667	214	667	361	600	3440	89805	ChIP HepG2 SP1	HepG2	NA	SP1	None	NA	wgEncodeAwgTfbsHaibHepg2Sp1Pcr1xUniPk.narrowPeak	25473
1	1175	sheffield_dnase	2.56541851683473	2.19378265441716	18	157	460	470	470	362	214	3458	90191	Weak HA-sp specific	NA	NA	NA	NA	NA	1033.bed	14405
1	299	codex	1.90317538592995	1.49720135024698	39	217	692	188	692	366	680	3437	89725	codex T-Cell MYB	T-Cell	NA	MYB	NA	GSE59657	GSM1519635_MYB.bed	26021
1	595	encode_tfbs	2.60195039569629	2.27368583990481	17	155	447	498	498	367	195	3459	90210	ChIP H1-hESC HDAC2_(SC-6296)	H1-hESC	NA	HDAC2_(SC-6296)	None	NA	wgEncodeAwgTfbsHaibH1hescHdac2sc6296V0416102UniPk.narrowPeak	5642
1	641	encode_tfbs	2.04623226098229	1.58476883570031	34	206	655	241	655	367	560	3442	89845	ChIP HepG2 NFIC_(SC-81335)	HepG2	NA	NFIC_(SC-81335)	None	NA	wgEncodeAwgTfbsHaibHepg2Nficsc81335V0422111UniPk.narrowPeak	16089
1	321	codex	3.14999590663746	6.51126547951562	6	132	134	844	844	370	24	3470	90381	CD133+ Umbilical Cord Blood (UCB) cells were expanded in vitro for 10-11 days; f	Umbilical Cord Blood Stem and Progenitor Cells	NA	MEIS1	NA	GSE26014	GSM638314_15_16_MEIS1.bed	419
1	2085	sheffield_dnase	2.23974192895031	1.79690894541835	25	182	580	347	580	370	363	3451	90042	Jurkat	NA	NA	NA	NA	NA	2110.bed	28716
1	2157	sheffield_dnase	2.63247772949708	2.64758800734923	13	153	382	582	582	372	128	3463	90277	Skin;Epithelial	NA	NA	NA	NA	NA	2207.bed	7595
1	235	codex	2.31880584800328	2.02254225093498	19	174	498	447	498	373	245	3457	90160	Mobilised CD34+ cells isolated from the healthly peripheral blood.	Hematopoietic Stem and Progenitor Cells	NA	GATA2	NA	GSE45144	GSM1097883_GATA2.bed	7044
1	599	encode_tfbs	2.27884019045145	1.89407872068137	22	180	550	390	550	373	303	3454	90102	ChIP H1-hESC p300	H1-hESC	NA	p300	None	NA	wgEncodeAwgTfbsHaibH1hescP300V0416102UniPk.narrowPeak	8932
1	817	encode_tfbs	1.99800310718514	1.58321968515285	33	210	656	253	656	373	544	3443	89861	ChIP HCT-116 TCF7L2	HCT-116	NA	TCF7L2	None	NA	wgEncodeAwgTfbsSydhHct116Tcf7l2UcdUniPk.narrowPeak	19458
1	1453	sheffield_dnase	2.30145165748972	2.01429871040429	19	176	499	447	499	374	246	3457	90159	Liver	NA	NA	NA	NA	NA	1355.bed	16484
1	607	encode_tfbs	2.07716326515531	1.6631859892194	29	201	630	293	630	375	455	3447	89950	ChIP H1-hESC SP1	H1-hESC	NA	SP1	None	NA	wgEncodeAwgTfbsHaibH1hescSp1Pcr1xUniPk.narrowPeak	15104
1	302	codex	1.94542601862326	1.55678874983953	34	215	668	241	668	375	570	3442	89835	codex T-Cell MYB	T-Cell	NA	MYB	NA	GSE59657	GSM1519643_MYB.bed	21384
1	506	encode_tfbs	1.82100177073665	1.48478480867168	38	228	700	198	700	375	668	3438	89737	ChIP A549 FOSL2	A549	NA	FOSL2	EtOH_0.02pct	NA	wgEncodeAwgTfbsHaibA549Fosl2V0422111Etoh02UniPk.narrowPeak	28755
1	1014	encode_tfbs	1.96731871235544	1.57448282987966	33	211	664	253	664	376	547	3443	89858	ChIP MCF10A-Er-Src c-Myc	MCF10A-Er-Src	NA	c-Myc	4OHTAM_1uM_4hr	NA	wgEncodeAwgTfbsSydhMcf10aesCmycTam14hHvdUniPk.narrowPeak	25702
1	1911	sheffield_dnase	2.80798803101646	3.34103189149268	10	148	298	684	684	377	78	3466	90327	Complex tissue specific	NA	NA	NA	NA	NA	1872.bed	3894
1	510	encode_tfbs	1.89656832662385	1.54316361834717	34	218	672	241	672	377	575	3442	89830	ChIP A549 GR	A549	NA	GR	DEX_50nM	NA	wgEncodeAwgTfbsHaibA549GrPcr1xDex50nmUniPk.narrowPeak	23319
1	34	cistrome_cistrome	1.62695027268695	1.34046231575086	56	266	762	117	762	382	1091	3420	89314	cistrome_cistrome LnCaP AR	LnCaP	prostate	AR	R1881(16hr)	NA	Human_LnCaP_AR_R1881-16hr_Chinnaiyan.bed	41186
1	648	encode_tfbs	2.05213978557019	1.70859869617214	26	204	612	332	612	383	397	3450	90008	ChIP HepG2 RXRA	HepG2	NA	RXRA	None	NA	wgEncodeAwgTfbsHaibHepg2RxraPcr1xUniPk.narrowPeak	17058
1	678	encode_tfbs	2.50427280590228	2.67324982874143	12	162	378	613	613	384	117	3464	90288	ChIP K562 MEF2A	K562	NA	MEF2A	None	NA	wgEncodeAwgTfbsHaibK562Mef2aV0416101UniPk.narrowPeak	5630
1	711	encode_tfbs	1.7022986867087	1.45408017994931	38	256	711	198	711	388	682	3438	89723	ChIP SK-N-SH NRSF	SK-N-SH	NA	NRSF	None	NA	wgEncodeAwgTfbsHaibSknshNrsfPcr2xUniPk.narrowPeak	18840
1	867	encode_tfbs	2.35113781359963	2.43774606977559	13	173	416	582	582	390	139	3463	90266	ChIP HeLa-S3 TCF7L2	HeLa-S3	NA	TCF7L2	None	NA	wgEncodeAwgTfbsSydhHelas3Tcf7l2UcdUniPk.narrowPeak	3198
1	556	encode_tfbs	2.17278079585415	2.04259736713904	17	190	493	498	498	394	217	3459	90188	ChIP GM12878 Pbx3	GM12878	NA	Pbx3	None	NA	wgEncodeAwgTfbsHaibGm12878Pbx3Pcr1xUniPk.narrowPeak	9937
1	13	cistrome_cistrome	2.28009613060408	2.38618540604263	13	179	423	582	582	395	142	3463	90263	cistrome_cistrome Caco-2(differentiated) GATA6	Caco-2(differentiated)	intestine	GATA6	No treatment	NA	Human_Caco-2-differentiated_GATA6_No-treatment_Shivdasani.bed	3327
1	930	encode_tfbs	1.55250291775557	1.38915436638906	42	283	736	170	736	396	789	3434	89616	ChIP K562 CEBPB	K562	NA	CEBPB	None	NA	wgEncodeAwgTfbsSydhK562CebpbIggrabUniPk.narrowPeak	38706
1	2370	sheffield_dnase	2.12571445126125	1.97203733560281	18	195	526	470	526	397	238	3458	90167	Weak Ewing sarcoma	NA	NA	NA	NA	NA	2473.bed	15494
1	707	encode_tfbs	1.91019190862536	1.74385028221079	22	216	592	390	592	399	329	3454	90076	ChIP PFSK-1 Sin3Ak-20	PFSK-1	NA	Sin3Ak-20	None	NA	wgEncodeAwgTfbsHaibPfsk1Sin3ak20V0416101UniPk.narrowPeak	5948
1	746	encode_tfbs	1.64557534850196	1.46343760482458	35	263	709	226	709	399	624	3441	89781	ChIP GM12878 EBF1_(SC-137065)	GM12878	NA	EBF1_(SC-137065)	None	NA	wgEncodeAwgTfbsSydhGm12878Ebf1sc137065UniPk.narrowPeak	33404
1	138	cistrome_cistrome	1.72245408291928	1.53751244947601	30	250	673	277	673	400	509	3446	89896	cistrome_cistrome abl AR	abl	prostate	AR	DHT(4hr)	NA	Human_abl_AR_DHT-4hr_Brown.bed	5312
1	758	encode_tfbs	1.73403764827837	1.56727121666696	28	236	666	304	666	402	466	3448	89939	ChIP GM12878 p300	GM12878	NA	p300	None	NA	wgEncodeAwgTfbsSydhGm12878P300IggmusUniPk.narrowPeak	17458
1	972	encode_tfbs	1.67831164392759	1.5014667145135	32	259	690	261	690	403	556	3444	89849	ChIP K562 p300	K562	NA	p300	None	NA	wgEncodeAwgTfbsSydhK562P300IggrabUniPk.narrowPeak	25873
1	278	codex	1.66333228210599	1.48693165438271	33	261	697	253	697	404	579	3443	89826	T cell Lymphoblastic Lymphoma cell line carrying t(7;9) translocation (TCRB-NOTC	Lymphoma cell	NA	BRD4	NA	GSE51800	GSM1252941_BRD4.bed	23514
1	1950	sheffield_dnase	1.8712860374991	1.72803432820071	22	221	605	390	605	405	332	3454	90073	sheffield_dnase	NA	NA	NA	NA	NA	1921.bed	24850
1	590	encode_tfbs	2.19520699831707	2.4242389805934	12	186	419	613	613	406	129	3464	90276	ChIP H1-hESC BCL11A	H1-hESC	NA	BCL11A	None	NA	wgEncodeAwgTfbsHaibH1hescBcl11aPcr1xUniPk.narrowPeak	2518
1	536	encode_tfbs	1.82155789826263	1.66467467509365	24	227	629	362	629	406	376	3452	90029	ChIP GM12878 BCL11A	GM12878	NA	BCL11A	None	NA	wgEncodeAwgTfbsHaibGm12878Bcl11aPcr1xUniPk.narrowPeak	17872
1	2169	sheffield_dnase	2.29148592630879	3.25612593731438	8	178	302	754	754	411	64	3468	90341	Fibroblast;Muscle	NA	NA	NA	NA	NA	2223.bed	1483
1	1725	sheffield_dnase	2.39151823165716	3.79879118197872	7	171	259	806	806	412	48	3469	90357	Fibroblast	NA	NA	NA	NA	NA	1646.bed	1139
1	56	cistrome_cistrome	1.79556603239556	1.69724426405736	22	230	617	390	617	412	338	3454	90067	cistrome_cistrome MCF-7 ESR1	MCF-7	breast	ESR1	Fulv	NA	Human_MCF-7_ESR1_Fulv_Stunnenberg.bed	7007
1	522	encode_tfbs	2.00779648064409	2.05792943763785	15	209	488	545	545	414	190	3461	90215	ChIP A549 USF-1	A549	NA	USF-1	EtOH_0.02pct	NA	wgEncodeAwgTfbsHaibA549Usf1Pcr1xEtoh02UniPk.narrowPeak	11932
1	155	cistrome_epigenome	1.30748498868478	1.1280909887645	223	333	898	10	898	414	5179	3253	85226	cistrome_epigenome Caco-2(proliferating) H3K4me2	Caco-2(proliferating)	intestine	H3K4me2	No treatment	NA	Human_Caco-2-proliferating_H3K4me2_No-treatment_Shivdasani.bed	105011
1	301	codex	1.4522564443408	1.40886368740131	35	297	727	226	727	417	648	3441	89757	codex T-Cell MYB	T-Cell	NA	MYB	NA	GSE59657	GSM1519641_MYB.bed	24022
1	511	encode_tfbs	1.83379638443312	1.79474941545906	19	226	582	447	582	418	276	3457	90129	ChIP A549 GR	A549	NA	GR	DEX_5nM	NA	wgEncodeAwgTfbsHaibA549GrPcr1xDex5nmUniPk.narrowPeak	10279
1	882	encode_tfbs	1.77136231917914	1.71107473857202	21	233	610	411	610	418	320	3455	90085	ChIP HepG2 c-Jun	HepG2	NA	c-Jun	None	NA	wgEncodeAwgTfbsSydhHepg2CjunIggrabUniPk.narrowPeak	12670
1	1363	sheffield_dnase	2.13432804055855	2.63175480704888	10	193	386	684	684	421	99	3466	90306	Brain	NA	NA	NA	NA	NA	1251.bed	2496
1	848	encode_tfbs	1.72255044292878	1.66752771811977	22	249	628	390	628	422	344	3454	90061	ChIP HeLa-S3 MafK_(ab50322)	HeLa-S3	NA	MafK_(ab50322)	None	NA	wgEncodeAwgTfbsSydhHelas3MafkIggrabUniPk.narrowPeak	14183
1	712	encode_tfbs	1.71063721370513	1.66267539954926	22	251	631	390	631	424	345	3454	90060	ChIP SK-N-SH NRSF	SK-N-SH	NA	NRSF	None	NA	wgEncodeAwgTfbsHaibSknshNrsfV0416101UniPk.narrowPeak	11025
1	2482	sheffield_dnase	2.14756349914127	2.82483824256295	9	192	361	722	722	425	83	3467	90322	Hematopoietic	NA	NA	NA	NA	NA	367.bed	9195
1	706	encode_tfbs	1.61656691460346	1.57084216163236	25	267	665	347	665	426	415	3451	89990	ChIP PFSK-1 NRSF	PFSK-1	NA	NRSF	None	NA	wgEncodeAwgTfbsHaibPfsk1NrsfPcr2xUniPk.narrowPeak	11388
1	1944	sheffield_dnase	2.11751665554815	2.79118096858786	9	197	364	722	722	428	84	3467	90321	Skin	NA	NA	NA	NA	NA	1913.bed	3633
1	1905	sheffield_dnase	2.18122630627826	3.43987439321178	7	187	294	806	806	429	53	3469	90352	Skin	NA	NA	NA	NA	NA	1863.bed	1199
1	1018	encode_tfbs	1.74390566301833	1.78408236570464	18	234	585	470	585	430	263	3458	90142	ChIP MCF10A-Er-Src STAT3	MCF10A-Er-Src	NA	STAT3	EtOH_0.01pct	NA	wgEncodeAwgTfbsSydhMcf10aesStat3Etoh01UniPk.narrowPeak	12331
1	544	encode_tfbs	1.36876423062676	1.39201185405067	34	324	735	241	735	433	637	3442	89768	ChIP GM12878 FOXM1_(SC-502)	GM12878	NA	FOXM1_(SC-502)	None	NA	wgEncodeAwgTfbsHaibGm12878Foxm1sc502V0422111UniPk.narrowPeak	22920
1	500	encode_tfbs	1.65960958725715	1.71377400416343	19	262	608	447	608	439	289	3457	90116	ChIP A549 BCL3	A549	NA	BCL3	EtOH_0.02pct	NA	wgEncodeAwgTfbsHaibA549Bcl3V0422111Etoh02UniPk.narrowPeak	7738
1	507	encode_tfbs	1.79100183598395	1.9828381652938	14	231	524	565	565	440	184	3462	90221	ChIP A549 FOXA1_(SC-101058)	A549	NA	FOXA1_(SC-101058)	DEX_100nM	NA	wgEncodeAwgTfbsHaibA549Foxa1V0416102Dex100nmUniPk.narrowPeak	7693
1	58	cistrome_cistrome	1.44158202311522	1.4931202690998	26	299	694	332	694	442	454	3450	89951	cistrome_cistrome MCF-7 ESR1	MCF-7	breast	ESR1	Tam(45min)	NA	Human_MCF-7_ESR1_Tam-45min_Hurtado.bed	19132
1	637	encode_tfbs	1.44158202311522	1.4931202690998	26	299	694	332	694	442	454	3450	89951	ChIP HepG2 HNF4G_(SC-6558)	HepG2	NA	HNF4G_(SC-6558)	None	NA	wgEncodeAwgTfbsHaibHepg2Hnf4gsc6558V0416101UniPk.narrowPeak	20383
1	630	encode_tfbs	1.41844346561885	1.47273114903269	27	310	703	316	703	443	478	3449	89927	ChIP HepG2 FOSL2	HepG2	NA	FOSL2	None	NA	wgEncodeAwgTfbsHaibHepg2Fosl2V0416101UniPk.narrowPeak	25207
1	697	encode_tfbs	1.6955371415162	1.79390905072677	17	257	584	498	584	446	247	3459	90158	ChIP K562 USF-1	K562	NA	USF-1	None	NA	wgEncodeAwgTfbsHaibK562Usf1V0416101UniPk.narrowPeak	18516
1	935	encode_tfbs	1.72346728543972	1.94057634130143	14	248	533	565	565	449	188	3462	90217	ChIP K562 c-Jun	K562	NA	c-Jun	IFNg30	NA	wgEncodeAwgTfbsSydhK562CjunIfng30UniPk.narrowPeak	8585
1	2035	sheffield_dnase	1.95417145465149	3.47194331565339	6	214	291	844	844	450	45	3470	90360	Fibroblast;Epithelial;Muscle;Skin	NA	NA	NA	NA	NA	2049.bed	3340
1	906	encode_tfbs	1.73132184917768	2.15463915279774	11	237	471	644	644	451	133	3465	90272	ChIP HepG2 TCF7L2	HepG2	NA	TCF7L2	None	NA	wgEncodeAwgTfbsSydhHepg2Tcf7l2UcdUniPk.narrowPeak	2742
1	897	encode_tfbs	1.63278477507503	1.79731949402426	16	264	579	517	579	453	232	3460	90173	ChIP HepG2 p300_(SC-584)	HepG2	NA	p300_(SC-584)	None	NA	wgEncodeAwgTfbsSydhHepg2P300sc582IggrabUniPk.narrowPeak	6613
1	610	encode_tfbs	1.81242745526269	2.63747949024032	8	229	383	754	754	455	79	3468	90326	ChIP H1-hESC SRF	H1-hESC	NA	SRF	None	NA	wgEncodeAwgTfbsHaibH1hescSrfPcr1xUniPk.narrowPeak	5103
1	331	codex	1.83802750863266	3.25482529390888	6	224	303	844	844	457	48	3470	90357	Proerythroblasts were derived from mobilised CD34+ cells isolated from the healt	Erythroblast	NA	SMAD1	NA	GSE29194	GSM722397_SMAD1.bed	1035
1	831	encode_tfbs	1.83802750863266	3.25482529390888	6	224	303	844	844	457	48	3470	90357	ChIP HeLa-S3 Brg1	HeLa-S3	NA	Brg1	None	NA	wgEncodeAwgTfbsSydhHelas3Brg1IggmusUniPk.narrowPeak	1356
1	405	codex	1.54612636153078	1.68753363647403	18	284	620	470	620	458	278	3458	90127	Proerythroblasts derived from CD34+ foetal liver cells (2-trimester stage).	Erythroblast	NA	GATA1	NA	GSE36985	GSM970257_GATA1.bed	10090
1	799	encode_tfbs	1.62938854091531	1.93554607855726	13	265	537	582	582	461	175	3463	90230	ChIP H1-hESC CHD2_(AB68301)	H1-hESC	NA	CHD2_(AB68301)	None	NA	wgEncodeAwgTfbsSydhH1hescChd2IggrabUniPk.narrowPeak	6848
1	738	encode_tfbs	1.45420634188419	1.61825050710056	19	295	645	447	645	462	306	3457	90099	ChIP GM12878 BHLHE40_(NB100-1800)	GM12878	NA	BHLHE40_(NB100-1800)	None	NA	wgEncodeAwgTfbsSydhGm12878Bhlhe40cIggmusUniPk.narrowPeak	13984
1	547	encode_tfbs	1.40487016801381	1.5549535366506	21	312	669	411	669	464	352	3455	90053	ChIP GM12878 MEF2A	GM12878	NA	MEF2A	None	NA	wgEncodeAwgTfbsHaibGm12878Mef2aPcr1xUniPk.narrowPeak	17604
1	232	codex	1.41700482938111	1.5795675760691	20	311	658	425	658	465	330	3456	90075	Mobilised CD34+ cells isolated from the healthly peripheral blood.	Hematopoietic Stem and Progenitor Cells	NA	FLI1	NA	GSE45144	GSM1097880_FLI1.bed	10742
1	1860	sheffield_dnase	1.73470386353314	2.76179330028058	7	235	365	806	806	469	66	3469	90339	Weak HFF	NA	NA	NA	NA	NA	1799.bed	3451
1	548	encode_tfbs	1.58036766989115	1.85181231619992	14	278	569	565	569	471	197	3462	90208	ChIP GM12878 MEF2C_(SC-13268)	GM12878	NA	MEF2C_(SC-13268)	None	NA	wgEncodeAwgTfbsHaibGm12878Mef2csc13268V0416101UniPk.narrowPeak	9214
1	521	encode_tfbs	1.4853230595625	1.75267091783828	15	291	590	545	590	475	223	3461	90182	ChIP A549 USF-1	A549	NA	USF-1	DEX_100nM	NA	wgEncodeAwgTfbsHaibA549Usf1Pcr1xDex100nmUniPk.narrowPeak	11976
1	518	encode_tfbs	1.60607168178462	2.25399863502743	9	268	451	722	722	480	104	3467	90301	ChIP A549 SIX5	A549	NA	SIX5	EtOH_0.02pct	NA	wgEncodeAwgTfbsHaibA549Six5V0422111Etoh02UniPk.narrowPeak	4907
1	858	encode_tfbs	1.60607168178462	2.25399863502743	9	268	451	722	722	480	104	3467	90301	ChIP HeLa-S3 PRDM1_(9115)	HeLa-S3	NA	PRDM1_(9115)	None	NA	wgEncodeAwgTfbsSydhHelas3Prdm19115IggrabUniPk.narrowPeak	4576
1	759	encode_tfbs	1.51782259349772	1.91790201177455	12	288	544	613	613	482	163	3464	90242	ChIP GM12878 p300_(SC-584)	GM12878	NA	p300_(SC-584)	None	NA	wgEncodeAwgTfbsSydhGm12878P300bUniPk.narrowPeak	6188
1	2295	sheffield_dnase	1.43130546920146	1.68789722648234	16	309	619	517	619	482	247	3460	90158	Liver;Prostate	NA	NA	NA	NA	NA	2380.bed	10181
1	696	encode_tfbs	1.35755301757665	1.59540218096283	18	327	652	470	652	483	294	3458	90111	ChIP K562 TRIM28_(SC-81411)	K562	NA	TRIM28_(SC-81411)	None	NA	wgEncodeAwgTfbsHaibK562Trim28sc81411V0422111UniPk.narrowPeak	12133
1	1778	sheffield_dnase	1.59950738275173	2.8403803348532	6	270	358	844	844	491	55	3470	90350	Colon	NA	NA	NA	NA	NA	1705.bed	7438
1	722	encode_tfbs	1.53450563101873	2.31473473414015	8	286	444	754	754	495	90	3468	90315	ChIP T-47D ERalpha_a	T-47D	NA	ERalpha_a	BPA_100nM	NA	wgEncodeAwgTfbsHaibT47dEraaV0416102Bpa1hUniPk.narrowPeak	3901
1	1728	sheffield_dnase	1.48926764050567	2.2645516200115	8	290	449	754	754	498	92	3468	90313	Skin;Fibroblast	NA	NA	NA	NA	NA	1649.bed	2664
1	2978	sheffield_dnase	1.53854743348539	2.74051973874989	6	285	369	844	844	499	57	3470	90348	HA-sp specific	NA	NA	NA	NA	NA	977.bed	2457
1	2395	sheffield_dnase	1.50913017341951	2.69338918179986	6	289	375	844	844	503	58	3470	90347	Stem	NA	NA	NA	NA	NA	254.bed	1943
1	332	codex	1.45230523466277	2.60357183131746	6	296	387	844	844	509	60	3470	90345	Proerythroblasts were derived from mobilised CD34+ cells isolated from the healt	Erythroblast	NA	SMAD1	NA	GSE29194	GSM722398_SMAD1.bed	1293
1	33	cistrome_cistrome	1.35726634910328	1.86052383370176	11	328	560	644	644	511	154	3465	90251	cistrome_cistrome LnCaP AR	LnCaP	prostate	AR	EtOH(16hr)	NA	Human_LnCaP_AR_EtOH-16hr_Chinnaiyan.bed	13147
1	1841	sheffield_dnase	1.38240557835835	2.14759337907146	8	314	472	754	754	513	97	3468	90308	Cervix	NA	NA	NA	NA	NA	1777.bed	6756
1	2009	sheffield_dnase	1.35762534416125	1.92921928935947	10	326	538	684	684	516	135	3466	90270	Skin	NA	NA	NA	NA	NA	2008.bed	4871
1	2041	sheffield_dnase	1.3620432304529	2.12568429757002	8	325	474	754	754	518	98	3468	90307	Melano specific	NA	NA	NA	NA	NA	2057.bed	5212
1	2477	sheffield_dnase	1.32422689947809	1.90103195132624	10	332	547	684	684	521	137	3466	90268	Stem	NA	NA	NA	NA	NA	354.bed	4734
1	658	encode_tfbs	1.32581780066073	2.2226842655615	7	331	458	806	806	532	82	3469	90323	ChIP HepG2 ZBTB33	HepG2	NA	ZBTB33	None	NA	wgEncodeAwgTfbsHaibHepg2Zbtb33Pcr1xUniPk.narrowPeak	2876
